FIRST NAME;LAST NAME;PASSWORD;DEPARTEMENT
Adam;Deschamps;monkey;Achats
Amaury;Fleury;letmein;Achats
Andrea _;Lefèvre;1234567;Achats
Arnaud;Adam;admin;Achats
César;Renault;iloveyou;Achats
Constance;Perrin;123456;Achats
Constant;Baron;football;Achats
Esther;Gautier;football;Achats
Gaëtan;Perrot;admin;Achats
Irem;Noël;welcome;Achats
Jérémie;Langlois;admin;Achats
Léa;Durand;letmein;Achats
Liam;Lebrun;football;Achats
Lou;Renard;football;Achats
Louis;Roux;abc123;Achats
Maël;Hamon;monkey;Achats
Mayeul;Gillet;welcome;Achats
Mayssa;Roger;password;Achats
Mila;Dumas;1234567;Achats
Naim;Poulain;abc123;Achats
Pia;Leclerc;abc123;Achats
Renan;Lemaître;admin;Achats
Rose;Leclercq;dragon;Achats
Sevan;Antoine;1234567;Achats
Timothée;Pichon;football;Achats
Tiphaine;Berger;letmein;Achats
Ylan;Laporte;master;Achats
Aaron;Louis;welcome;Centre d'appel
Aloès;Boucher;123456789;Centre d'appel
Anaïs;Muller;letmein;Centre d'appel
Brice;Charles;football;Centre d'appel
Clémence;Garcia;master;Centre d'appel
Elouan;LeGall;passw0rd;Centre d'appel
Érine;Mathieu;1234567;Centre d'appel
Gaël;Millet;iloveyou;Centre d'appel
Ilona;Lemaire;admin;Centre d'appel
Jade;Richard;123456789;Centre d'appel
Jules;Leroy;login;Centre d'appel
Leo;Barr_;1234567;Centre d'appel
Léonor;Brunet;letmein;Centre d'appel
Lola;Roche;1234567;Centre d'appel
Maëva;Picard;123456;Centre d'appel
Maxime;Guichard;admin;Centre d'appel
Mia;Renaud;letmein;Centre d'appel
Pauline;Rey;login;Centre d'appel
Quentin;Gay;iloveyou;Centre d'appel
Samuel;Reynaud;letmein;Centre d'appel
Thea;Hubert;123456789;Centre d'appel
Thomas;Cordier;1234567;Centre d'appel
Yanis;Carlier;passw0rd;Centre d'appel
Alix;Fontaine;qwerty;Comptabilité
Axelle;Blanc;football;Comptabilité
Baptiste;Aubry;123456789;Comptabilité
Clara;Thomas;12345678;Comptabilité
Cylia;François;login;Comptabilité
Dorian;Hervé_;welcome;Comptabilité
Éléonore;Nicolas;12345;Comptabilité
Enzo;Simon;admin;Comptabilité
Etienne;Bouvier;letmein;Comptabilité
Garance;Denis;1234567;Comptabilité
Ilan;Germain;1234567;Comptabilité
Joy;Brun;123456;Comptabilité
Kevin;Lévêque;123123;Comptabilité
Lana;Joly;qwerty;Comptabilité
Lily;Arnaud;iloveyou;Comptabilité
Lucie;Colin;monkey;Comptabilité
Martin;Monnier;1234567;Comptabilité
Noah;Fournier;passw0rd;Comptabilité
Nolan;Chauvin;letmein;Comptabilité
Océane;Bourgeois;welcome;Comptabilité
Suzanne;Jean;password;Comptabilité
Tiago;Lamy;welcome;Comptabilité
Aliénor;Lambert;12345678;Finance
Ava;Mercier;1234567;Finance
Aymeric;Marty;login;Finance
Carla;Chevalier;monkey;Finance
Chloé_;Bernard;password;Finance
Clovis;Maillard;1234567;Finance
Damien;Bailly;admin;Finance
Eden;Morin;qwerty;Finance
Estéban;Léger;123456789;Finance
Flavie;Duval;letmein;Finance
Hugo;Cousin;letmein;Finance
Jeanne;Meunier;master;Finance
Juliette;Giraud;12345678;Finance
Kenzo;Pelletier;login;Finance
Lilou;Barbier;football;Finance
Louka;Mallet;welcome;Finance
Louna;Leroux;welcome;Finance
Malone;Jacob;letmein;Finance
Mathilde;Lemoine;123456789;Finance
Nathan;Morel;dragon;Finance
Noam;Colin;123456789;Finance
Nour;Philippe;admin;Finance
Ryan;Humbert;login;Finance
Sarah;Laurent;iloveyou;Finance
Shana;Lopez;123456;Finance
Tom;Gilbert;admin;Finance
Zélie;Dupuis;iloveyou;Finance
Aloyse;Dupont;password;Informatique
Augustine;André_;letmein;Informatique
Axel;Poirier;monkey;Informatique
Camille;Martin;123456;Informatique
Capucine;Garnier;welcome;Informatique
Clément;Ménard;letmein;Informatique
Diane;Clément;12345678;Informatique
Erwan;Collet;master;Informatique
Faustine;Marchand;123456789;Informatique
Gildas;Leroux;123456789;Informatique
Isaline;Dufour;login;Informatique
Josselin;LeGoff;monkey;Informatique
June;Blanchard;password;Informatique
Lina;Gaillard;1234567;Informatique
Loan;Weber;admin;Informatique
Louise;Roy;admin;Informatique
Malo;Boulanger;login;Informatique
Manon;Moreau;football;Informatique
Marie;Aubert;qwerty;Informatique
Mathis;Bertrand;123123;Informatique
Milo;Grondin;login;Informatique
Nils;Chevallier;123123;Informatique
Ninon;Olivier;iloveyou;Informatique
Romane;Rolland;123123;Informatique
Ruben;Maréchal;monkey;Informatique
Salomé_;Lecomte;master;Informatique
Titouan;Lejeune;iloveyou;Informatique
Yales;Sanchez;football;Informatique
Agathe;Bonnet;123456;Ingénierie
Alexandre;Perez;abc123;Ingénierie
Anaëlle;Vincent;123456789;Ingénierie
Antoine;Jacquet;iloveyou;Ingénierie
Benoît;Carr_;1234567;Ingénierie
Callista;Boyer;admin;Ingénierie
Cléa;Gauthier;passw0rd;Ingénierie
Eliot;Fernandez;login;Ingénierie
Elo;Roussel;letmein;Ingénierie
Gabin;Prévost;football;Ingénierie
Gabriel;Lefebvre;monkey;Ingénierie
Héloïse;Marie;iloveyou;Ingénierie
Inès;Robert;12345;Ingénierie
Isaac;Besson;iloveyou;Ingénierie
Leny;Leblanc;letmein;Ingénierie
Léonie;Lucas;123456789;Ingénierie
Loanne;Girard;letmein;Ingénierie
Ma�;Caron;master;Ingénierie
Mathéo;Rodriguez;iloveyou;Ingénierie
Oriane;Benoît;login;Ingénierie
Paul;Bouchet;football;Ingénierie
Thaïs;Guillot;qwerty;Ingénierie
Théo;Barthélemy;letmein;Ingénierie
Wassim;Pasquier;login;Ingénierie
Zoe_;Moulin;admin;Ingénierie
Adem;Vasseur;login;RH
Ambre;Rousseau;12345;RH
Andrea;Klein;football;RH
Benjamin;Guyot;letmein;RH
Blanche;Guérin;iloveyou;RH
Charlie;Legrand;dragon;RH
Dylan;Schneider;monkey;RH
Élise;Henry;123456789;RH
Emma;Petit;qwerty;RH
Ethan;Michel;welcome;RH
Evan;Julien;1234567;RH
Giulia;Dumont;football;RH
Ilian;Breton;football;RH
Killian;Perrier;123456789;RH
Lina;Rivière;12345;RH
Livia;Martinez;123456789;RH
Madeline;Vidal;login;RH
Marvin;Michaud;football;RH
Ombeline;Pierre;monkey;RH
Oscar;DaSilva;1234567;RH
Raphael;Girard;master;RH
Tanguy;Perret;123456789;RH
Tess;Dupuy;12345678;RH
Valentin;Delaunay;monkey;RH
Adrien;Huet;login;Ventes
Anael;Royer;1234567;Ventes
Apolline;Faure;123456789;Ventes
Arthur;Paris;welcome;Ventes
Charlie;Charpentier;123456789;Ventes
Corentin;Bertin;iloveyou;Ventes
Diva;Robin;password;Ventes
Eva;Masson;iloveyou;Ventes
Gaspard;Daniel;welcome;Ventes
Iris;Meyer;monkey;Ventes
Jordan;Remy;welcome;Ventes
Lilian;Marchal;iloveyou;Ventes
Louane;Schmitt;iloveyou;Ventes
Lucas;David;starwars;Ventes
Maelys;Dubois;1234567;Ventes
Margot;Fabre;12345678;Ventes
Milan;étienne;monkey;Ventes
Morgane;Lacroix;football;Ventes
Nathanaël;Tessier;starwars;Ventes
Priscilla;Payet;starwars;Ventes
Romain;Bénard;welcome;Ventes
Sacha;Guillaume;passw0rd;Ventes
Solal;Hoarau;football;Ventes
Violette;Carpentier;1234567;Ventes